{
  "drift_detected": true,
  "feature_drifts": {
    "Gender": 0.2904955293209782,
    "Age": 0.9999999997278054,
    "Height": 0.9782382657796835
  },
  "overall_drift_score": 0.7562445982761558
}
