{
  "drift_detected": true,
  "feature_drifts": {
    "Gender": 0.2904955293209781,
    "Age": 0.9999999997278054,
    "Height": 0.9782382657796835
  },
  "overall_drift_score": 0.7562445982761558,
  "detection_time_seconds": 6.694318,
  "timestamp": "2025-08-21T12:25:54.143803",
  "configured_threshold": 0.5,
  "threshold_exceeded": true
}
